8.437500000000003157e-04,-5.570226199216841978e-04,-1.772595922590887549e-04
8.437500000000003157e-04,-6.629036801951581790e-04,-2.023056590857104690e-04
-4.619526473490971792e-03,-8.077053412691695758e-03,1.861665674124293474e-03
8.125000000000000711e-04,-1.921953027536659945e-05,-4.718079280253257933e-05
8.125000000000000711e-04,-1.332854498894825424e-04,-7.695239037275321107e-05
8.125000000000000711e-04,-2.456914916436220026e-04,-1.057656570136945086e-04
8.125000000000000711e-04,-3.565263759287459451e-04,-1.336718154669600997e-04
8.125000000000000711e-04,-4.657578407845047556e-04,-1.606522392810581356e-04
8.125000000000000711e-04,-5.733762076227937477e-04,-1.867013405205404761e-04
8.125000000000000711e-04,-6.792266190339356618e-04,-2.117297122182444961e-04
8.125000000000000711e-04,-6.304212580201542203e-04,-1.474675320746893779e-04
8.125000000000000711e-04,-4.454962339001959561e-04,-4.616627794781449521e-06
8.125000000000000711e-04,-2.558077313346489128e-04,1.409844720479657429e-04
7.812500000000002602e-04,-3.490206920120863220e-05,-5.623511087294426824e-05
7.812500000000002602e-04,-1.489679888153245819e-04,-8.600670844316490675e-05
7.812500000000002602e-04,-2.613482210011845350e-04,-1.148050739229123702e-04
7.812500000000002602e-04,-3.721831052863085318e-04,-1.427112323761779342e-04
7.812500000000002602e-04,-4.814113439460323022e-04,-1.696897935451267391e-04
7.812500000000002602e-04,-5.890248714902688969e-04,-1.957361008168852332e-04
7.812500000000002602e-04,-6.949414199201271259e-04,-2.208026567401484878e-04
7.812500000000002602e-04,-6.460812135737517385e-04,-1.565088116290564433e-04
7.812500000000002602e-04,-4.611723204339681324e-04,-1.366722057489469684e-05
7.812500000000002602e-04,-2.714531690060891303e-04,1.319515743967701897e-04
7.500000000000003409e-04,-5.007325605551270990e-05,-6.499419968720285723e-05
7.500000000000003409e-04,-1.641375625716111938e-04,-9.476486593484886672e-05
7.500000000000003409e-04,-2.765419912277331882e-04,-1.235772012532155488e-04
7.500000000000003409e-04,-3.873478397485426378e-04,-1.514665959001380748e-04
7.500000000000003409e-04,-4.965728522122315851e-04,-1.784432944239376217e-04
7.500000000000003409e-04,-6.041831535604333565e-04,-2.044877390505468848e-04
7.500000000000003409e-04,-7.100690531279595184e-04,-2.295365998448924453e-04
7.500000000000003409e-04,-6.611798110172696381e-04,-1.652259909274573222e-04
7.500000000000003409e-04,-4.762886619556781559e-04,-2.239464442161634601e-05
7.500000000000003409e-04,-2.865388616654673034e-04,1.232418456789662346e-04
7.187500000000000963e-04,-6.467663240766740056e-05,-7.342546295519678423e-05
7.187500000000000963e-04,-1.787409389237658980e-04,-1.031961292028428073e-04
7.187500000000000963e-04,-2.911695640501499338e-04,-1.320224343598287080e-04
7.187500000000000963e-04,-4.019737994729419717e-04,-1.599108976841766186e-04
7.187500000000000963e-04,-5.111971988386133448e-04,-1.868866648854015499e-04
7.187500000000000963e-04,-6.187768513244830491e-04,-2.129134143830931189e-04
7.187500000000000963e-04,-7.246579115979570303e-04,-2.379594812097148330e-04
7.187500000000000963e-04,-6.757606039971798210e-04,-1.736442156794066867e-04
7.187500000000000963e-04,-4.908420322692913116e-04,-3.079703668979719318e-05
7.187500000000000963e-04,-3.011083629592551172e-04,1.148301401850392191e-04
6.875000000000001769e-04,-7.873800782595221130e-05,-8.154380183811992401e-05
6.875000000000001769e-04,-1.928023143420507087e-04,-1.113144680857659335e-04
6.875000000000001769e-04,-3.052277132723997858e-04,-1.401389105976026033e-04
6.875000000000001769e-04,-4.160319486951918238e-04,-1.680273739219505138e-04
6.875000000000001769e-04,-5.252505087668107994e-04,-1.950003471554516529e-04
6.875000000000001769e-04,-6.328027385863836934e-04,-2.210112641693747046e-04
6.875000000000001769e-04,-7.387047691340846217e-04,-2.460694381894663928e-04
6.875000000000001769e-04,-6.897784257689930278e-04,-1.817374088528151950e-04
6.875000000000001769e-04,-5.048759850212791766e-04,-3.889954308895185627e-05
6.875000000000001769e-04,-3.151116668489110234e-04,1.067453289148022501e-04
6.562500000000000408e-04,2.386362417800554122e-05,-5.839111380569173525e-05
6.562500000000000408e-04,-9.203154858792137350e-05,-8.921883117552608245e-05
6.562500000000000408e-04,-2.060958551040198710e-04,-1.189894974231721055e-04
6.562500000000000408e-04,-3.184954444660894409e-04,-1.477990387738149411e-04
6.562500000000000408e-04,-4.292722572225844517e-04,-1.756716696143943886e-04
6.562500000000000408e-04,-5.385617936069722481e-04,-2.026856210411785817e-04
6.562500000000000408e-04,-6.460607911919684452e-04,-2.286658044101393767e-04
6.562500000000000408e-04,-7.519337859753549890e-04,-2.537072146238879321e-04
6.562500000000000408e-04,-7.030509962567350803e-04,-1.894003309967513522e-04
6.562500000000000408e-04,-5.181195197447067361e-04,-4.654570142654496198e-05
6.562500000000000408e-04,-3.283229396119892668e-04,9.911779702870146752e-05
6.250000000000001214e-04,1.114273321223818380e-05,-6.573552362910939882e-05
6.250000000000001214e-04,-1.047766360239507790e-04,-9.657721083756299176e-05
6.250000000000001214e-04,-2.188409425400492765e-04,-1.263478770852090012e-04
6.250000000000001214e-04,-3.312389188041014077e-04,-1.551564871132772214e-04
6.250000000000001214e-04,-4.420383149328410482e-04,-1.830421564699012855e-04
6.250000000000001214e-04,-5.512520357104076264e-04,-2.100123357356785511e-04
6.250000000000001214e-04,-6.587978131379105488e-04,-2.360195274593031951e-04
6.250000000000001214e-04,-7.646643555292271209e-04,-2.610572123827532886e-04
6.250000000000001214e-04,-7.157767265165548148e-04,-1.967475347878928622e-04
6.250000000000001214e-04,-5.307678212996880035e-04,-5.384820173410492902e-05
6.250000000000001214e-04,-3.409889852451626581e-04,9.180505217282073022e-05
6.250000000000001214e-04,-1.459595151437730466e-04,2.404897610601200702e-04
5.937500000000002021e-04,-1.168958414292018929e-04,-1.035742373406490818e-04
5.937500000000002021e-04,-2.309601479453003768e-04,-1.333449035882950913e-04
5.937500000000002021e-04,-3.433581242093524809e-04,-1.621535136163633115e-04
5.937500000000002021e-04,-4.541559072400746556e-04,-1.900382516504127602e-04
5.937500000000002021e-04,-5.633664018216063022e-04,-2.170065682710407948e-04
5.937500000000002021e-04,-6.709347626213538543e-04,-2.430267985107100554e-04
5.937500000000002021e-04,-7.767948526206005632e-04,-2.680607581438617954e-04
5.937500000000002021e-04,-7.278765747455962984e-04,-2.037333854200835666e-04
5.937500000000002021e-04,-5.428870267049390767e-04,-6.084522823719101911e-05
5.937500000000002021e-04,-3.530549584158372512e-04,8.483875931469695092e-05
5.937500000000002021e-04,-1.580690419609193250e-04,2.334983224924816730e-04
5.625000000000000659e-04,-2.889058549288528696e-05,-1.667998731136323377e-05
5.625000000000000659e-04,-3.549740430331529755e-04,-1.688599674761693723e-04
5.625000000000000659e-04,-4.657427902995607116e-04,-1.967279417038757423e-04
5.625000000000000659e-04,-5.749758682533369879e-04,-2.237092968405483937e-04
5.625000000000000659e-04,-6.825168063867874044e-04,-2.497136945964491912e-04
5.625000000000000659e-04,-7.883736701899991817e-04,-2.747457915844517002e-04
5.625000000000000659e-04,-7.394505530209424110e-04,-2.104156248929496249e-04
5.625000000000000659e-04,-5.544561656862329003e-04,-6.752467374233323103e-05
5.625000000000000659e-04,-3.646176450050612116e-04,7.816303909985317382e-05
5.625000000000000659e-04,-1.696010796878113808e-04,2.268402974065556171e-04
5.312500000000001466e-04,-3.975318754252735583e-05,-2.295151352882387287e-05
5.312500000000001466e-04,-3.658108355145155339e-04,-1.751165925324361841e-04
5.312500000000001466e-04,-4.766037792511853112e-04,-2.029985365987617592e-04
5.312500000000001466e-04,-5.858336310089265475e-04,-2.299780290902851796e-04
5.312500000000001466e-04,-6.933455333780625795e-04,-2.559656630398428985e-04
5.312500000000001466e-04,-7.991991709852394252e-04,-2.809958973826961765e-04
5.312500000000001466e-04,-7.502712145221303655e-04,-2.166629367234702548e-04
5.312500000000001466e-04,-5.652477914231063619e-04,-7.375522176651078230e-05
5.312500000000001466e-04,-3.754028183498647015e-04,7.193621636597408446e-05
5.312500000000001466e-04,-1.804056102088245689e-04,2.206022988017811149e-04
5.000000000000000104e-04,-4.995925869905919805e-05,-2.884399145841601221e-05
5.000000000000000104e-04,-3.760136804750124581e-04,-1.810072078168790857e-04
5.000000000000000104e-04,-4.868066242116821270e-04,-2.088891518832046608e-04
5.000000000000000104e-04,-5.960090533031265530e-04,-2.358528118909596180e-04
5.000000000000000104e-04,-7.035435390445069978e-04,-2.618534843565619536e-04
5.000000000000000104e-04,-8.093939504556490203e-04,-2.868818560542660007e-04
5.000000000000000104e-04,-7.604869642667670161e-04,-2.225610025885100803e-04
5.000000000000000104e-04,-5.754345054034285195e-04,-7.963652382520752912e-05
5.000000000000000104e-04,-3.855846930361345702e-04,6.605770827500118407e-05
5.000000000000000104e-04,-1.905310264644828903e-04,2.147563870009197562e-04
4.687500000000000911e-04,-5.960558484352898904e-05,-3.441330045461658051e-05
4.687500000000000911e-04,-3.856583935214647494e-04,-1.865755854905050317e-04
4.687500000000000911e-04,-4.964497241601170067e-04,-2.144565982342559914e-04
4.687500000000000911e-04,-6.056247305852644055e-04,-2.414044257582424855e-04
4.687500000000000911e-04,-7.131801866008720143e-04,-2.674172054173148223e-04
4.687500000000000911e-04,-8.190273718159791052e-04,-2.924437144698696384e-04
4.687500000000000911e-04,-7.700687664905379783e-04,-2.280930586817260226e-04
4.687500000000000911e-04,-5.849872718628850972e-04,-8.515181611208039289e-05
4.687500000000000911e-04,-3.951326202015386421e-04,6.054520995585216674e-05
4.687500000000000911e-04,-2.000999239041141532e-04,2.092317814883007377e-04
4.375000000000002259e-04,-6.861473727109819389e-05,-3.961473703384402802e-05
4.375000000000002259e-04,-1.821418821473792088e-04,-6.907527286414308994e-05
4.375000000000002259e-04,-5.054572634896687322e-04,-2.196571034909088234e-04
4.375000000000002259e-04,-6.146564663850781181e-04,-2.466189008535145497e-04
4.375000000000002259e-04,-7.222086962046507953e-04,-2.726298178674376555e-04
4.375000000000002259e-04,-8.280268456554433932e-04,-2.976395631136493931e-04
4.375000000000002259e-04,-7.790634010359500858e-04,-2.332861133577819308e-04
4.375000000000002259e-04,-5.940028766825241517e-04,-9.035697798160635653e-05
4.375000000000002259e-04,-4.041208023548807779e-04,5.535588057009472045e-05
4.375000000000002259e-04,-2.090816536653863445e-04,2.040461773928417533e-04
4.062500000000000356e-04,-7.703833511832582006e-05,-4.447810351848606361e-05
4.062500000000000356e-04,-1.905138608580478072e-04,-7.390883702639743699e-05
4.062500000000000356e-04,-5.138518255725819332e-04,-2.245037061692078278e-04
4.062500000000000356e-04,-6.230478022719563875e-04,-2.514636408866642689e-04
4.062500000000000356e-04,-7.305984189935115988e-04,-2.774736265780127593e-04
4.062500000000000356e-04,-8.364149553462867310e-04,-3.024824405016498814e-04
4.062500000000000356e-04,-7.874482845307583835e-04,-2.381271281006332424e-04
4.062500000000000356e-04,-6.023845339812975179e-04,-9.519613007930838289e-05
4.062500000000000356e-04,-4.124976203596017466e-04,5.051952244011654052e-05
4.062500000000000356e-04,-2.174294359057929015e-04,1.992265830692066249e-04
3.750000000000001704e-04,-8.464570536871371506e-05,-4.887022078037266029e-05
3.750000000000001704e-04,-1.981470406767152229e-04,-7.831585544947788132e-05
3.750000000000001704e-04,-5.214817791952143901e-04,-2.289088619471390412e-04
3.750000000000001704e-04,-6.306535594243268573e-04,-2.558548268259763043e-04
3.750000000000001704e-04,-7.381751403815676842e-04,-2.818480487109816619e-04
3.750000000000001704e-04,-8.440142601065872292e-04,-3.068699011506634006e-04
3.750000000000001704e-04,-7.950443630950238417e-04,-2.425127261044975307e-04
3.750000000000001704e-04,-6.099773863495281528e-04,-9.957986543802344027e-05
3.750000000000001704e-04,-4.200872465317974499e-04,4.613764972655068700e-05
3.750000000000001704e-04,-2.250384192541982488e-04,1.948335344847454127e-04
3.437499999999999258e-04,-9.166268174470762042e-05,-5.292147397994999861e-05
3.437499999999999258e-04,-2.051624039546916624e-04,-8.236617732648059739e-05
3.437499999999999258e-04,-5.284729460029287612e-04,-2.329452139855225251e-04
3.437499999999999258e-04,-6.376915060745478453e-04,-2.599181872190236371e-04
3.437499999999999258e-04,-7.451872774635092192e-04,-2.858965079428351470e-04
3.437499999999999258e-04,-8.509989745222317371e-04,-3.109025278987484226e-04
3.437499999999999258e-04,-8.020000417463539651e-04,-2.465285890462395012e-04
3.437499999999999258e-04,-6.169556483731027975e-04,-1.036087668958100003e-04
3.437499999999999258e-04,-4.270622823593371630e-04,4.211061091391335789e-05
3.437499999999999258e-04,-2.320118419837204960e-04,1.908074269946826991e-04
3.125000000000000607e-04,-9.806345467802804255e-05,-5.661696195602421736e-05
3.125000000000000607e-04,-2.115615637899946188e-04,-8.606073397998020066e-05
3.125000000000000607e-04,-5.348946892104762931e-04,-2.366528091550667450e-04
3.125000000000000607e-04,-6.440874397138158158e-04,-2.636108812273740094e-04
3.125000000000000607e-04,-7.516074075730391768e-04,-2.896031717898048057e-04
3.125000000000000607e-04,-8.573674854952027889e-04,-3.145793894233303318e-04
3.125000000000000607e-04,-8.084379159340761550e-04,-2.502454974415298759e-04
3.125000000000000607e-04,-6.233435165222835474e-04,-1.072968042912872952e-04
3.125000000000000607e-04,-4.334453112144654070e-04,3.842536748615990941e-05
3.125000000000000607e-04,-2.383416386042722329e-04,1.871529172118915614e-04
2.812500000000001956e-04,1.131318899930300906e-05,-2.955271911021078844e-05
2.812500000000001956e-04,-1.038689944429020912e-04,-5.996879190206533131e-05
2.812500000000001956e-04,-2.173671035548686674e-04,-8.941256392602132139e-05
2.812500000000001956e-04,-5.406986158773329030e-04,-2.400037077785332367e-04
2.812500000000001956e-04,-6.498639437143753986e-04,-2.669459473670720380e-04
2.812500000000001956e-04,-7.573822984755812938e-04,-2.929373066069282188e-04
2.812500000000001956e-04,-8.631891562402515226e-04,-3.179405325951175938e-04
2.812500000000001956e-04,-8.142353902088630101e-04,-2.535926707746979057e-04
2.812500000000001956e-04,-6.291345384050003224e-04,-1.106402523341568631e-04
2.812500000000001956e-04,-4.392121366269201950e-04,3.509588928190957371e-05
2.812500000000001956e-04,-2.441294342909541035e-04,1.838113318141712245e-04
2.500000000000000052e-04,6.252900518500041944e-06,-3.247427802677954454e-05
2.500000000000000052e-04,-1.089292829237050668e-04,-6.289035081863408741e-05
2.500000000000000052e-04,-2.224773980742131914e-04,-9.236299384240315732e-05
2.500000000000000052e-04,-5.457831008283979199e-04,-2.429392365337212250e-04
2.500000000000000052e-04,-6.549468155674229497e-04,-2.698805447996854108e-04
2.500000000000000052e-04,-7.624635572306113791e-04,-2.958709727169669761e-04
2.500000000000000052e-04,-8.682429923289846892e-04,-3.208583662213878879e-04
2.500000000000000052e-04,-8.193118096698405895e-04,-2.565235429170128166e-04
2.500000000000000052e-04,-6.342093447679605445e-04,-1.135701931538971585e-04
2.500000000000000052e-04,-4.442853298918629512e-04,3.216687978474389378e-05
2.500000000000000052e-04,-2.491994013598618739e-04,1.808841849621547755e-04
2.187500000000001130e-04,1.836238146667551306e-06,-3.502423923607673149e-05
2.187500000000001130e-04,-1.133443321975200797e-04,-6.543938070535665211e-05
2.187500000000001130e-04,-2.268424413094866424e-04,-9.488315272931264219e-05
2.187500000000001130e-04,-5.501191082993568508e-04,-2.454426316142876313e-04
2.187500000000001130e-04,-6.593086326066614419e-04,-2.723988410414456647e-04
2.187500000000001130e-04,-7.668253742698499797e-04,-2.983892689587272300e-04
2.187500000000001130e-04,-8.725773867019261543e-04,-3.233608299793796787e-04
2.187500000000001130e-04,-8.236187813764851359e-04,-2.590101741912361442e-04
2.187500000000001130e-04,-6.385647094151291735e-04,-1.160847641053589505e-04
2.187500000000001130e-04,-4.486148849707520189e-04,2.966720999447594945e-05
2.187500000000001130e-04,-2.535273433407335300e-04,1.783854464944614466e-04
1.874999999999999497e-04,-1.906149253862536293e-06,-3.718490760918464165e-05
1.874999999999999497e-04,-1.170883326960676365e-04,-6.760098040103917775e-05
1.874999999999999497e-04,-2.305606322397546785e-04,-9.702985126380132017e-05
1.874999999999999497e-04,-3.424117682758846815e-04,-1.255227429390746627e-04
1.874999999999999497e-04,-6.630494069091740807e-04,-2.745585780919789593e-04
1.874999999999999497e-04,-7.705629223763276869e-04,-3.005471433641112937e-04
1.874999999999999497e-04,-8.763149348084038615e-04,-3.255187043847637424e-04
1.874999999999999497e-04,-8.273321330127007475e-04,-2.611540787580009758e-04
1.874999999999999497e-04,-6.422264419147857709e-04,-1.181988663497360868e-04
1.874999999999999497e-04,-4.523459806851598628e-04,2.751306087939034764e-05
1.874999999999999497e-04,-2.572584390551413197e-04,1.762312973793758448e-04
1.562500000000000304e-04,-5.025880819649253728e-06,-3.898608546849097710e-05
1.562500000000000304e-04,-1.202080642618543540e-04,-6.940215826034552675e-05
1.562500000000000304e-04,-2.337045602758034508e-04,-9.884499896172688779e-05
1.562500000000000304e-04,-3.455556963119334538e-04,-1.273378906370002304e-04
1.562500000000000304e-04,-6.661917218472053872e-04,-2.763727944673299115e-04
1.562500000000000304e-04,-7.736794277460794320e-04,-3.023464585782683982e-04
1.562500000000000304e-04,-8.794314401781556066e-04,-3.273180195989208469e-04
1.562500000000000304e-04,-8.304728348527145882e-04,-2.629673638107773125e-04
1.562500000000000304e-04,-6.453655306567821458e-04,-1.200112200799378079e-04
1.562500000000000304e-04,-4.554834563291387719e-04,2.570163847176324193e-05
1.250000000000001381e-04,-7.548766118972125060e-06,-4.044267397518958550e-05
1.250000000000001381e-04,-1.227293364631597663e-04,-7.085781544446951967e-05
1.250000000000001381e-04,-2.362258324771088496e-04,-1.003006561458508807e-04
1.250000000000001381e-04,-3.480769685132387983e-04,-1.287935478211242233e-04
1.250000000000001381e-04,-6.686871844802312788e-04,-2.778135504902600568e-04
1.250000000000001381e-04,-7.761748903791052152e-04,-3.037872146011985435e-04
1.250000000000001381e-04,-8.819736826536881151e-04,-3.287857839765148411e-04
1.250000000000001381e-04,-8.329892677599675353e-04,-2.644202270271774589e-04
1.250000000000001381e-04,-6.479061600342971884e-04,-1.214780531349571866e-04
1.250000000000001381e-04,-4.579740796681121577e-04,2.426367641655694310e-05
9.374999999999997485e-05,-9.271554801629940237e-06,-4.143732648487891655e-05
9.374999999999997485e-05,-1.244537382438350506e-04,-7.185339927673346620e-05
9.374999999999997485e-05,-2.379228115914871610e-04,-1.012804074943463641e-04
9.374999999999997485e-05,-3.497997571958966169e-04,-1.297882003308135543e-04
9.374999999999997485e-05,-6.704067469668541657e-04,-2.788063403548001569e-04
9.374999999999997485e-05,-7.778944528657281022e-04,-3.047800044657386436e-04
9.374999999999997485e-05,-8.836916320422935362e-04,-3.297776425184803257e-04
9.374999999999997485e-05,-8.347072171485730649e-04,-2.654120855691429436e-04
9.374999999999997485e-05,-6.495999129526405140e-04,-1.224559418383034390e-04
9.374999999999997485e-05,-4.596678325864555917e-04,2.328578771321069066e-05
6.250000000000006906e-05,-1.029587204272330598e-05,-4.202871631975974541e-05
6.250000000000006906e-05,-1.254764423869109472e-04,-7.244385778903967958e-05
6.250000000000006906e-05,-2.389713253028425647e-04,-1.018857671678464251e-04
6.250000000000006906e-05,-3.508466578092345276e-04,-1.303926286817389999e-04
6.250000000000006906e-05,-6.714810702464891036e-04,-2.794266011894940656e-04
6.250000000000006906e-05,-7.789655499493280000e-04,-3.053984026552833213e-04
6.250000000000006906e-05,-8.847385326556314470e-04,-3.303820708694057712e-04
6.250000000000006906e-05,-8.357525046638935098e-04,-2.660155825974937736e-04
6.250000000000006906e-05,-6.506693969382230545e-04,-1.230734087052735013e-04
6.250000000000006906e-05,-4.607131201017760367e-04,2.268229068485986058e-05
3.124999999999989901e-05,-1.074592638959739774e-05,-4.228855531807746392e-05
3.124999999999989901e-05,-1.259264967337850186e-04,-7.270369678735739808e-05
3.124999999999989901e-05,-2.394197665516991974e-04,-1.021446748435895282e-04
3.124999999999989901e-05,-5.627432133840760227e-04,-2.527311620832283661e-04
3.124999999999989901e-05,-6.719278983973282163e-04,-2.796845775426625531e-04
3.124999999999989901e-05,-7.794139911981847954e-04,-3.056573103310264244e-04
3.124999999999989901e-05,-8.851595512381911068e-04,-3.306251460613804111e-04
3.124999999999989901e-05,-8.361509398742085399e-04,-2.662456192734237968e-04
3.124999999999989901e-05,-6.510936417168176459e-04,-1.233183465423973722e-04
3.124999999999989901e-05,-4.611615613506326152e-04,2.242338300911675755e-05
0.000000000000000000e+00,-1.057171180371065352e-05,-4.218797248001899224e-05
0.000000000000000000e+00,-1.257506690498808120e-04,-7.260218262672431093e-05
0.000000000000000000e+00,-2.392439388677949637e-04,-1.020431606829564410e-04
0.000000000000000000e+00,-5.625915821704339115e-04,-2.526436177612145111e-04
0.000000000000000000e+00,-6.717262611451445568e-04,-2.795681622208356183e-04
0.000000000000000000e+00,-7.792365504162631230e-04,-3.055548648478187217e-04
0.000000000000000000e+00,-8.849853366523043659e-04,-3.305245632233219395e-04
0.000000000000000000e+00,-8.359734990922868675e-04,-2.661431737902160942e-04
0.000000000000000000e+00,-6.508920044646338780e-04,-1.232019312205704373e-04
0.000000000000000000e+00,-4.609857336667284086e-04,2.252489716974984471e-05
-3.124999999999989901e-05,-9.771615187045597369e-06,-4.172603648300971489e-05
-3.124999999999989901e-05,-1.249521855312332318e-04,-7.214117795228964906e-05
-3.124999999999989901e-05,-2.384212588788853422e-04,-1.015681861699025470e-04
-3.124999999999989901e-05,-5.617398664172097971e-04,-2.521518794418175385e-04
-3.124999999999989901e-05,-6.709003549601998953e-04,-2.790913250626324933e-04
-3.124999999999989901e-05,-7.783848346630390085e-04,-3.050631265284217491e-04
-3.124999999999989901e-05,-8.841836269376217999e-04,-3.300616959037380466e-04
-3.124999999999989901e-05,-8.351992120439013286e-04,-2.656961389544006645e-04
-3.124999999999989901e-05,-6.500919078479687778e-04,-1.227399952235611600e-04
-3.124999999999989901e-05,-4.601630536778187871e-04,2.299987168280373875e-05
-6.249999999999979801e-05,-8.123029013191395656e-06,-4.077422481175269585e-05
-6.249999999999979801e-05,-1.233019862593615643e-04,-7.118843495845801454e-05
-6.249999999999979801e-05,-4.493386639571226530e-04,-2.233414067686003042e-04
-6.249999999999979801e-05,-5.600912802433556225e-04,-2.512000677705605194e-04
-6.249999999999979801e-05,-6.692517687863457207e-04,-2.781395133913754742e-04
-6.249999999999979801e-05,-7.767620580574642868e-04,-3.041262160183585777e-04
-6.249999999999979801e-05,-8.825350407637676253e-04,-3.291098842324810276e-04
-6.249999999999979801e-05,-8.335522389680645114e-04,-2.647452586057182609e-04
-6.249999999999979801e-05,-6.484707443404116303e-04,-1.218040160360726041e-04
-6.249999999999979801e-05,-1.370772648567969649e-04,2.095335388299634778e-04
-9.375000000000024590e-05,-5.874370376838402674e-06,-3.947596114273871880e-05
-9.375000000000024590e-05,-1.210533276230085645e-04,-6.989017128944403749e-05
-9.375000000000024590e-05,-4.470641957524901190e-04,-2.220282419383924795e-04
-9.375000000000024590e-05,-5.578184251367405543e-04,-2.498878342629273102e-04
-9.375000000000024590e-05,-6.669805267777481183e-04,-2.768282112063168805e-04
-9.375000000000024590e-05,-7.745133994211113142e-04,-3.028279523493446006e-04
-9.375000000000024590e-05,-8.802863821274146527e-04,-3.278116205634670505e-04
-9.375000000000024590e-05,-8.312793838614494432e-04,-2.634330250980850517e-04
-9.375000000000024590e-05,-6.462011154298314937e-04,-1.204936451735886258e-04
-9.375000000000024590e-05,-4.563238803962405173e-04,2.521641941038857762e-05
-1.250000000000001381e-04,-2.977246337462525631e-06,-3.780330579872931938e-05
-1.250000000000001381e-04,-3.317820002332018880e-04,-1.915544271469117837e-04
-1.250000000000001381e-04,-4.441928812813937728e-04,-2.203704877555769277e-04
-1.250000000000001381e-04,-5.549454975676266881e-04,-2.482291487575371430e-04
-1.250000000000001381e-04,-6.641075992086343605e-04,-2.751695257009267133e-04
-1.250000000000001381e-04,-7.716178884797529267e-04,-3.011562283279098167e-04
-1.250000000000001381e-04,-8.773666747157941696e-04,-3.261259267034130344e-04
-1.250000000000001381e-04,-8.284112955863880828e-04,-2.617771335604187309e-04
-1.250000000000001381e-04,-6.433346402527874907e-04,-1.188386849584969205e-04
-1.250000000000001381e-04,-4.534348218469519930e-04,2.688441814152489964e-05
-1.562500000000000304e-04,5.167239683772025964e-07,-3.578606110211219292e-05
-1.562500000000000304e-04,-3.283122263976242096e-04,-1.895511522889138894e-04
-1.562500000000000304e-04,-4.407231074458160943e-04,-2.183672128975790334e-04
-1.562500000000000304e-04,-5.514515272617869683e-04,-2.462119040609200165e-04
-1.562500000000000304e-04,-6.606136289027946407e-04,-2.731522810043095868e-04
-1.562500000000000304e-04,-7.681497277421927682e-04,-2.991538847924865379e-04
-1.562500000000000304e-04,-8.739001270762514770e-04,-3.241245144905643711e-04
-1.562500000000000304e-04,-8.249189383785658289e-04,-2.597608201863762199e-04
-1.562500000000000304e-04,-6.398438961429827026e-04,-1.168233029070290250e-04
-1.562500000000000304e-04,-4.499473039331821364e-04,2.889793754784356419e-05
-1.874999999999999497e-04,4.731749088025959154e-06,-3.335251521464194078e-05
-1.874999999999999497e-04,-3.240955881799579652e-04,-1.871166750788690286e-04
-1.874999999999999497e-04,-4.365064692281498500e-04,-2.159327356875341726e-04
-1.874999999999999497e-04,-5.472848950826623808e-04,-2.438062978506882355e-04
-1.874999999999999497e-04,-6.564228002534078493e-04,-2.707327049554585736e-04
-1.874999999999999497e-04,-7.639588990928059768e-04,-2.967343087436355247e-04
-1.874999999999999497e-04,-8.697351079951442469e-04,-3.217198396029072056e-04
-1.874999999999999497e-04,-8.207587585915109962e-04,-2.573589392664429008e-04
-1.874999999999999497e-04,-6.356853294539454441e-04,-1.144223533096703214e-04
-1.874999999999999497e-04,-4.457903503421623437e-04,3.129795582262765233e-05
-2.187499999999998419e-04,-2.051000410244541226e-04,-1.544989557206235013e-04
-2.187499999999998419e-04,-3.191336986782206749e-04,-1.842519268393518167e-04
-2.187499999999998419e-04,-4.315671630986571351e-04,-2.130810259640615774e-04
-2.187499999999998419e-04,-5.423213924829075163e-04,-2.409406182885964081e-04
-2.187499999999998419e-04,-6.514609107516705589e-04,-2.678679567159413617e-04
-2.187499999999998419e-04,-7.590470156296101265e-04,-2.938984315039313926e-04
-2.187499999999998419e-04,-8.648264507279834366e-04,-3.188858250083523044e-04
-2.187499999999998419e-04,-8.158000952858087459e-04,-2.544960536720749199e-04
-2.187499999999998419e-04,-6.307573150105750441e-04,-1.115771628442200345e-04
-2.187499999999998419e-04,-4.408397525265473141e-04,3.415618480412255589e-05
-2.500000000000002763e-04,-1.995655017265150072e-04,-1.513035879671177945e-04
-2.500000000000002763e-04,-3.135991593802815594e-04,-1.810565590858461099e-04
-2.500000000000002763e-04,-4.260342368987354855e-04,-2.098865895331304861e-04
-2.500000000000002763e-04,-5.367900793810033867e-04,-2.377471131802399323e-04
-2.500000000000002763e-04,-6.459279845517489635e-04,-2.646735202850102704e-04
-2.500000000000002763e-04,-7.534673095871819142e-04,-2.906769867183364524e-04
-2.500000000000002763e-04,-8.592467446855552244e-04,-3.156643802227573643e-04
-2.500000000000002763e-04,-8.102736214779570137e-04,-2.513053425314422905e-04
-2.500000000000002763e-04,-6.252082578304786822e-04,-1.083734131875427884e-04
-2.500000000000002763e-04,-4.353439275810274322e-04,3.732920081583749120e-05
-2.500000000000002763e-04,-2.402483204609216143e-04,1.860520939286960658e-04
-2.812500000000001956e-04,-1.934389554561644498e-04,-1.477664248287282071e-04
-2.812500000000001956e-04,-3.074710000119135634e-04,-1.775184646248819070e-04
-2.812500000000001956e-04,-4.198560714918258868e-04,-2.063196240723532034e-04
-2.812500000000001956e-04,-5.306619200126353906e-04,-2.342090187192757294e-04
-2.812500000000001956e-04,-6.398030513794158991e-04,-2.611372884691952985e-04
-2.812500000000001956e-04,-7.473181799445868627e-04,-2.871267850639021941e-04
-2.812500000000001956e-04,-8.530992281409775302e-04,-3.121151098908977756e-04
-2.812500000000001956e-04,-8.041551406976937041e-04,-2.477728360059257805e-04
-2.812500000000001956e-04,-6.190913901482329468e-04,-1.048418379846008939e-04
-2.812500000000001956e-04,-4.292060896245546413e-04,4.087288321224938695e-05
-2.812500000000001956e-04,-2.341395182687632350e-04,1.895790125187648829e-04
-3.125000000000000607e-04,-7.074780074263699759e-05,-1.130150454520388354e-04
-3.125000000000000607e-04,-1.866671699788259706e-04,-1.438567326604924283e-04
-3.125000000000000607e-04,-3.006992145345750299e-04,-1.736087724566461282e-04
-3.125000000000000607e-04,-4.131117086807843805e-04,-2.024257643878858877e-04
-3.125000000000000607e-04,-5.238675511630522816e-04,-2.302862880349953339e-04
-3.125000000000000607e-04,-6.330344920981123514e-04,-2.572294589461087506e-04
-3.125000000000000607e-04,-7.405754302315628763e-04,-2.832338567020094939e-04
-3.125000000000000607e-04,-8.464080975645125581e-04,-3.082519838513927708e-04
-3.125000000000000607e-04,-7.974172302787222236e-04,-2.438827016117568996e-04
-3.125000000000000607e-04,-6.123567059252962895e-04,-1.009535662355812711e-04
-3.125000000000000607e-04,-4.225020542639498344e-04,4.474345983235131566e-05
-3.125000000000000607e-04,-2.274403222022108797e-04,1.934467951711429652e-04
-3.437499999999999258e-04,-6.323721637329730849e-05,-1.086788075446291538e-04
-3.437499999999999258e-04,-1.791307760412067472e-04,-1.395055935918888856e-04
-3.437499999999999258e-04,-2.931628205969558608e-04,-1.692576333880426126e-04
-3.437499999999999258e-04,-4.055753147431651572e-04,-1.980746253192823450e-04
-3.437499999999999258e-04,-5.163569667937126196e-04,-2.259500501275856659e-04
-3.437499999999999258e-04,-6.254980981604931281e-04,-2.528783198775051808e-04
-3.437499999999999258e-04,-7.330438755879960504e-04,-2.788855116011298247e-04
-3.437499999999999258e-04,-8.388539595487012109e-04,-3.038906002344684849e-04
-3.437499999999999258e-04,-7.898647053609282338e-04,-2.395222493174072292e-04
-3.437499999999999258e-04,-6.048590263400963540e-04,-9.662477890876852694e-05
-3.437499999999999258e-04,-4.150092139728022963e-04,4.906945319144024047e-05
-3.437499999999999258e-04,-2.199281247348537248e-04,1.977839644011272486e-04
-3.749999999999998994e-04,-5.506364871877749226e-05,-1.039597960590525242e-04
-3.749999999999998994e-04,-1.709555952886694652e-04,-1.347856507837376404e-04
-3.749999999999998994e-04,-2.849876398444185516e-04,-1.645376905798913404e-04
-3.749999999999998994e-04,-3.973985208926104364e-04,-1.933537511885564844e-04
-3.749999999999998994e-04,-5.081801729431578447e-04,-2.212291759968598053e-04
-3.749999999999998994e-04,-6.173261436039907506e-04,-2.481602397145031666e-04
-3.749999999999998994e-04,-7.248961175017557684e-04,-2.741814012767470428e-04
-3.749999999999998994e-04,-8.306836180902162992e-04,-2.991734513940410862e-04
-3.749999999999998994e-04,-7.817475961370199105e-04,-2.348358341219421413e-04
-3.749999999999998994e-04,-5.967241730379957984e-04,-9.192811916498266878e-05
-3.749999999999998994e-04,-4.068517772984572194e-04,5.377915145127071532e-05
-3.749999999999998994e-04,-2.118013369228405524e-04,2.024759675320400565e-04
-4.062500000000003608e-04,-4.627387762158419280e-05,-9.888501934997276821e-05
-4.062500000000003608e-04,-1.621900206617382342e-04,-1.297248439132771302e-04
-4.062500000000003608e-04,-2.762220652174872935e-04,-1.594768837094308301e-04
-4.062500000000003608e-04,-3.886345593636966441e-04,-1.882938756406705896e-04
-4.062500000000003608e-04,-4.993920149439820110e-04,-2.161553306103546242e-04
-4.062500000000003608e-04,-6.085621820750770124e-04,-2.431003641666172718e-04
-4.062500000000003608e-04,-7.161095726005972922e-04,-2.691084872128165313e-04
-4.062500000000003608e-04,-8.219261089533724243e-04,-2.941173011364536533e-04
-4.062500000000003608e-04,-7.729949262942283246e-04,-2.297824778320785007e-04
-4.062500000000003608e-04,-5.879489198229596912e-04,-8.686172435907446566e-05
-4.062500000000003608e-04,-3.981087860437705368e-04,5.882691980568660888e-05
-4.062500000000003608e-04,-2.030873814324683085e-04,2.075069720801128715e-04
-4.375000000000002259e-04,-3.689855194404934177e-05,-9.347217254630760708e-05
-4.375000000000002259e-04,-1.528130818861858902e-04,-1.243110657870373536e-04
-4.375000000000002259e-04,-2.668451264419349767e-04,-1.540631055831910535e-04
-4.375000000000002259e-04,-3.792576205881443272e-04,-1.828800975144308130e-04
-4.375000000000002259e-04,-4.900424988347266671e-04,-2.107573849678833107e-04
-4.375000000000002259e-04,-5.991900825935770388e-04,-2.376893800081013417e-04
-4.375000000000002259e-04,-7.067648957853943457e-04,-2.637133355380690642e-04
-4.375000000000002259e-04,-8.125572356679073823e-04,-2.887081796230869541e-04
-4.375000000000002259e-04,-7.636308923028157884e-04,-2.243761502864356479e-04
-4.375000000000002259e-04,-5.786139215958616480e-04,-8.147216061977463728e-05
-4.375000000000002259e-04,-3.887802402087423568e-04,6.421275825468792113e-05
-4.375000000000002259e-04,-1.937394784212304575e-04,2.129039864000095695e-04
-4.687500000000000911e-04,-2.688927874564882943e-05,-8.769331597081856289e-05
-4.687500000000000911e-04,-1.427779991195058708e-04,-1.185173080503544482e-04
-4.687500000000000911e-04,-2.568100436752549301e-04,-1.482693478465081616e-04
-4.687500000000000911e-04,-3.692467342917263220e-04,-1.771003096163671533e-04
-4.687500000000000911e-04,-4.800316125383087161e-04,-2.049775970698196510e-04
-4.687500000000000911e-04,-5.892308154337181020e-04,-2.319393944324253773e-04
-4.687500000000000911e-04,-6.967588487830289005e-04,-2.579363416077292510e-04
-4.687500000000000911e-04,-8.025318314893322390e-04,-2.829200098218517551e-04
-4.687500000000000911e-04,-7.536571072607996594e-04,-2.186177828075881442e-04
-4.687500000000000911e-04,-5.686707854161773693e-04,-7.573148826984482771e-05
-4.687500000000000911e-04,-3.788177468528484883e-04,6.996460647551311644e-05
-4.687500000000000911e-04,-1.838092470256859595e-04,2.186372081693424552e-04
-5.000000000000000104e-04,-1.612346257705494953e-05,-8.147766910783484572e-05
-5.000000000000000104e-04,-1.320347663231565731e-04,-1.123146997034153613e-04
-5.000000000000000104e-04,-2.460668108789056596e-04,-1.420667394995690747e-04
-5.000000000000000104e-04,-3.584793050251150102e-04,-1.708837314308088071e-04
-5.000000000000000104e-04,-4.692916059379943772e-04,-1.987768513680297951e-04
-5.000000000000000104e-04,-5.784424158928796805e-04,-2.257107090533970570e-04
-5.000000000000000104e-04,-6.859962588104699319e-04,-2.517225573898947783e-04
-5.000000000000000104e-04,-7.917982772810877633e-04,-2.767229894103603611e-04
-5.000000000000000104e-04,-7.429283923466075811e-04,-2.124235563638205966e-04
-5.000000000000000104e-04,-5.579227133257757014e-04,-6.952608595518189436e-05
-5.000000000000000104e-04,-3.681229069970232463e-04,7.613927514521373900e-05
-5.000000000000000104e-04,-1.731240857579655935e-04,2.248062889035953849e-04
-5.312499999999999297e-04,-4.751121553892394809e-06,-7.491184495679572219e-05
-5.312499999999999297e-04,-1.206882348682735459e-04,-1.057637767135700718e-04
-5.312499999999999297e-04,-2.347186663260051394e-04,-1.355148851871491563e-04
-5.312499999999999297e-04,-3.471311604722144900e-04,-1.643318771183889158e-04
-5.312499999999999297e-04,-4.579450744831113770e-04,-1.922259283781845192e-04
-5.312499999999999297e-04,-5.670974975360141461e-04,-2.191607173861263966e-04
-5.312499999999999297e-04,-6.746803762179187820e-04,-2.451893295289671966e-04
-5.312499999999999297e-04,-7.804872339825890109e-04,-2.701925555171566257e-04
-5.312499999999999297e-04,-7.315947656758641990e-04,-2.058800839545722446e-04
-5.312499999999999297e-04,-5.466455450856438393e-04,-6.301520983604508405e-05
-5.312499999999999297e-04,-3.568521911489613016e-04,8.264642597405211450e-05
-5.312499999999999297e-04,-1.618598223019735122e-04,2.313097144421352985e-04
-5.625000000000003912e-04,7.148702520982796750e-06,-6.804147832385732363e-05
-5.625000000000003912e-04,-1.087867976953808716e-04,-9.889247875805707135e-05
-5.625000000000003912e-04,-2.228172291531124922e-04,-1.286435872316361558e-04
-5.625000000000003912e-04,-3.352055268290598015e-04,-1.574466093242566831e-04
-5.625000000000003912e-04,-4.459726609974500175e-04,-1.853136522293884376e-04
-5.625000000000003912e-04,-5.551508936186322395e-04,-2.122633423985241627e-04
-5.625000000000003912e-04,-6.627369984965718070e-04,-2.382938171865141936e-04
-5.625000000000003912e-04,-7.685954753978011585e-04,-2.633268454970913181e-04
-5.625000000000003912e-04,-7.197078463851288525e-04,-1.990171679022307834e-04
-5.625000000000003912e-04,-5.347634650889607818e-04,-5.615508775142746931e-05
-5.625000000000003912e-04,-3.450023731126276687e-04,8.948792160717741967e-05
-5.625000000000003912e-04,-1.499938732854651940e-04,2.381605233010067584e-04
-5.937500000000002021e-04,1.957600964757064208e-05,-6.086656920901967714e-05
-5.937500000000002021e-04,-9.628367496197194695e-05,-9.167379748221248382e-05
-5.937500000000002021e-04,-2.103141064197035540e-04,-1.214249059557915818e-04
-5.937500000000002021e-04,-3.227040171936683020e-04,-1.502288593709867246e-04
-5.937500000000002021e-04,-4.334937347343030935e-04,-1.781089407921630959e-04
-5.937500000000002021e-04,-5.427010031197999169e-04,-2.050753947676418995e-04
-5.937500000000002021e-04,-6.502403281552328676e-04,-2.310788612009680816e-04
-5.937500000000002021e-04,-7.561262277227591378e-04,-2.561277219953135608e-04
-5.937500000000002021e-04,-7.072450511021565866e-04,-1.918217696907515964e-04
-5.937500000000002021e-04,-5.223329317663380489e-04,-4.897831599144059187e-05
-5.937500000000002021e-04,-3.325782921820747448e-04,9.666096807686583520e-05
-6.250000000000001214e-04,-8.308208078699856614e-05,-8.405185353155940765e-05
-6.250000000000001214e-04,-1.971125122447301868e-04,-1.138029620051384921e-04
-6.250000000000001214e-04,-3.095282325869744690e-04,-1.426218165815274961e-04
-6.250000000000001214e-04,-4.202969798533821508e-04,-1.704897908092338390e-04
-6.250000000000001214e-04,-5.295042482388788658e-04,-1.974562447847126698e-04
-6.250000000000001214e-04,-6.370467994703467481e-04,-2.234615738631880286e-04
-6.250000000000001214e-04,-7.429375383319255241e-04,-2.485132286252574084e-04
-6.250000000000001214e-04,-6.940870105736549316e-04,-1.842249714496131381e-04
-6.250000000000001214e-04,-5.091555340616266958e-04,-4.137034187940674787e-05
-6.250000000000001214e-04,-3.194105730654682408e-04,1.042633542534519999e-04
-6.562500000000000408e-04,-6.926105697331675693e-05,-7.607228171225397417e-05
-6.562500000000000408e-04,-1.832914884310483776e-04,-1.058233901858330722e-04
-6.562500000000000408e-04,-2.956830123030305913e-04,-1.346282749236028169e-04
-6.562500000000000408e-04,-4.065001525099624100e-04,-1.625241888285476513e-04
-6.562500000000000408e-04,-5.156896768172670011e-04,-1.894803982557056576e-04
-6.562500000000000408e-04,-6.232596507150319105e-04,-2.155015598179495337e-04
-6.562500000000000408e-04,-7.291052228321214272e-04,-2.405271375479297073e-04
-6.562500000000000408e-04,-6.802837308381652192e-04,-1.762556441786284885e-04
-6.562500000000000408e-04,-4.953603198162244209e-04,-3.340567122129514850e-05
-6.562500000000000408e-04,-3.056460076823978704e-04,1.122103297826458780e-04
-6.874999999999998517e-04,-5.489641912774761556e-05,-6.777885418530313799e-05
-6.874999999999998517e-04,-1.689268505854792362e-04,-9.752996265888222243e-05
-6.874999999999998517e-04,-2.813183744574614771e-04,-1.263348473966519807e-04
-6.874999999999998517e-04,-3.921387408604282273e-04,-1.542326239467460460e-04
-6.874999999999998517e-04,-5.013282651677327100e-04,-1.811888333739040523e-04
-6.874999999999998517e-04,-6.088772687912705640e-04,-2.071978877426779273e-04
-6.874999999999998517e-04,-7.147551028687095052e-04,-2.322420919241504104e-04
-6.874999999999998517e-04,-6.659384501688059114e-04,-1.679733925225729838e-04
-6.874999999999998517e-04,-4.810698844794588421e-04,-2.515508453277662433e-05
-6.874999999999998517e-04,-2.913410544634751536e-04,1.204692983743359551e-04
-7.187500000000003131e-04,-3.991719093752244321e-05,-5.913059275742379094e-05
-7.187500000000003131e-04,-1.539476223952540503e-04,-8.888170123100288893e-05
-7.187500000000003131e-04,-2.663649558355158254e-04,-1.177014871299665084e-04
-7.187500000000003131e-04,-3.771853222384825757e-04,-1.455992636800605602e-04
-7.187500000000003131e-04,-4.864248525843286068e-04,-1.725843441070316463e-04
-7.187500000000003131e-04,-5.940045050701983111e-04,-1.986110936047232154e-04
-7.187500000000003131e-04,-6.998871784416897581e-04,-2.236580917539195449e-04
-7.187500000000003131e-04,-6.510769781338560276e-04,-1.593931176426405803e-04
-7.187500000000003131e-04,-4.662148648365789299e-04,-1.657853494314268268e-05
-7.187500000000003131e-04,-2.764699038404204207e-04,1.290551611897160515e-04
-7.500000000000003409e-04,-2.434918197092077413e-05,-5.014239858980980779e-05
-7.500000000000003409e-04,-1.384038098989144496e-04,-7.990747690200812440e-05
-7.500000000000003409e-04,-2.507969468689141834e-04,-1.087132929623524981e-04
-7.500000000000003409e-04,-3.616447359381778524e-04,-1.366269019962150131e-04
-7.500000000000003409e-04,-4.708874924800589236e-04,-1.636138450683353573e-04
-7.500000000000003409e-04,-5.784461746917014639e-04,-1.896284873725569251e-04
-7.500000000000003409e-04,-6.843078777889657471e-04,-2.146633783282832534e-04
-7.500000000000003409e-04,-6.355041298732018798e-04,-1.504021295073027507e-04
-7.500000000000003409e-04,-4.506516951640296854e-04,-7.593134743252518857e-06
-7.500000000000003409e-04,-2.609389961282205465e-04,1.380219349381139058e-04
-7.812500000000002602e-04,-3.453492197656972884e-04,-1.272186813474494491e-04
-7.812500000000002602e-04,-4.546177858758578124e-04,-1.542205255807636410e-04
-7.812500000000002602e-04,-5.622297003220770497e-04,-1.802659015299475195e-04
-7.812500000000002602e-04,-6.681220522816731832e-04,-2.053184876145915420e-04
-7.812500000000002602e-04,-6.193263698559966449e-04,-1.410618954064841166e-04
-7.812500000000002602e-04,-4.344787744408767395e-04,1.744305389842268740e-06
